brand,name,price
Nido,Milk Pwdr Fcrm,51
Natural Vitality,Natural Vitality Natural Magnesium Calm - 30 Packets,83
Priscillas,Calzone Pilly Chsesteak,35
Bonavita,Oil Olive Xvrgn Ital Org,98
Towne Club,Towne Club Strawberry Soda,69
Big Slice,Apple Orange Gngr,79
Huggies,Huggies Snug & Dry Diapers Disney Size 1 8-14 Lb - 50 Ct,37
Sugar Brook,Cheese Log Port Wine,22
Mineral Fusion,Mineral Fusion Mineral Body Lotion Sunstone - 8 Fl Oz,16
Sally Hansen,Sally Hansen Airbrush Shimmer For All Skin Tones,17
Special K,"Kellogg's Special K Value Pack - Stawberry, Vanilla Crisp & Chocolatey Drizzle - 12 Ct",98
Careone,Careone Maximum Strength Sensitive Toothpaste Fresh Mint,60
Loving Pets,Loving Pets Barksters Sweet Potato & Beef Krisps Recipe,89
Glucerna,Glucerna Shake Creamy Strawberry - 6 Ct,29
Cheerwine,Cheerwine Diet Unique Sparking Soft Drink - 4 Ct,68
Fifty 50,Wafer Choc,19
Ecover,Ecover Natural Laundry Liquid Detergent 20 Loads,19
Kings,Fudge Walnut,96
Chock Full O'nuts,Chock Full O' Nuts 1/2 Caffeine Ground Coffee,55
Dickinson's,Dickinson's Lemon Curd,65
Splenda,Splenda Essentials No Calorie Sweetener 1 Gram Of Fiber Packets - 80 Ct,60
Olivella,Olivella Bath And Shower Gel Lavender - 16.9 Oz,33
Mortons,Sugar Cure Plain,9
Hyland's,Hylands Homeopathic Bioplasma Cell Salts - 1000 Tablets,17
Bob's Red Mill,Bob's Red Mill Soy Beans,64
Ultra Gain,Ultra Gain Dishwashing Liquid Original Scent,5
Health Logics,Health Logics I-sabi Advanced Liver Support - 60 Caps,10
L & A Juice,Juice All Cranberry,24
Tasty Brand,Tasty Brand Organic Cookies Vanillla - 5 Pk,84
Twinlab,Twinlab Whey Fuel - Chocolate - 5 Lb,43
Rug Doctor,Rug Doctor Oxy-steam Carpet Cleaner,60
Polar,Polar Seltzer Calorie-free - 12 Ct,35
Giovanni Cosmetics,2chic Condtnr Brzln Kerta,82
Sclafani,Sclafani Stuffed Cherry Peppers Hot,13
Hawaiian Tropic,Hawaiian Tropic Original Dark Tanning Oil,4
Maple Grove Farms Of Vermont,Maple Grove Farms Of Vermont Honey Mustard Dressing,88
Nueva Cocina,Nueva Cocina  Latin Cuisine 100% Natural Black Beans & Rice,47
Sahale Snacks,Nut Mix Calif Almnd&ssalt,82
New England Coffee,New England Coffee Hawaiian Macadamia Nut Freshly Ground Coffee,98
Horizon,Milk 1% Choc Dha Asep 6pk,64
Milani,Milani Shadow Eyez Eyeshadow Pencil 02 Brown Deluxe,58
5,Wrigley's 5 Zing Sour To Sweet Bubble Sugar Free Gum- 3 Pk,65
L'oreal Paris,L'oreal Paris Healthy Look Creme Gloss 5g Medium Golden Brown Golden Truffle,11
Mi Pueblo,Stock Pot Aluminum 3.5qt,49
Scar Zone,Scar Zone Advanced Skin Care Scar Cream,35
Wild Friends,Almond Bttr Choc Sunflwr,75
Smith Teamaker,Smith Teamaker Herbal Tea - Big Hibiscus - Case Of 6 - 15 Bags,36
Orville Redenbacher's,Orville Redenbacher's Pop Up Bowl Gourmet White Corn - 3 Ct,26
Crush,Crush Caffeine Free Orange Soda,76
Monini,Oil Olive Umbria Dop,35
Lean Cuisine,Lean Cuisine Three Cheese & Spinach Stuffed Pretzels - 2 Ct,84
Talenti Gelato,Talenti Belgian Milk Chocolate Gelato,48
Smart Ones,Weightwatchers Smart Ones Smart Delights Chocolate Chip Cookie Dough Sundae - 4 Ct,89
Pillsbury,Pillsbury Pie Crusts - 2 Ct,29
Good Humor,Good Humor Peter Paul Mounds Ice Cream Bars - 6 Pk,91
Betty Crocker,Betty Crocker Lemon Supreme Bars Mix,84
Hidden Valley,Hidden Valley Farmhouse Originals Hickory Bacon And Onion Dressing,13
Herb Pharm,Herb Pharm Breath Tonic - .50 Oz,72
Ahold,Ahold Cream Of Mushroom Condensed Soup,3
Nature's Answer,Nature's Answer Liquid Calcium And Magnesium - 8 Fl Oz,76
Marzetti,Marzetti Ranch Veggie Dip Light,5
Emeril's,Emeril's Classic Onion Party Dip Mix,24
El Guapo,Cinnamon Stick 5in,73
Baltimore Crab Company,Swai Fillets Skinless & Boneless,49
Streits,Choc Pop Festival,30
Nutritionworks,Nutritionworks Acaichew Amazon Rainforest Acai Fruit Soft Chews - 30 Ct,97
Anagram,"Anagram Foil Balloon 18"" Happy Birthday Bright",76
Lean Cuisine,Lean Cuisine Market Creations Asiago Cheese Tortelloni,46
Wild Planet,Tuna Albacore Wild Dsp 48,28
Schiff,Schiff Mega-d3 Dietary Supplement Softgels - 90 Ct,81
Dove,Dove Clinical Protection Clear Tone Skin Renew Anti-perspirant Deodorant Solid,98
My Grandmas,Cake Coffee Mini Apple,34
Cheez-it,Cheez-it Big Monterey Jack Baked Snack Crackers,43
Rickland Orchards,Bar Yogurt Grk Drk Choc Ccnut,2
Schar,Bagel Cinnamon Raisin,32
Liebers,Coat N Bake Buffalo Wings,50
Pom,Pom 100% Juice Blend Coconut,85
Sweet City,Sweet City No Trans Fat Cranberry Muffins - 4 Ct,52
Wellness,Wellness Natural Food For Cats Turkey & Salmon,75
Pereg Gourmet,Quinoa Plain Sm,35
Careone,Careone Ginkgo Biloba Softgels 120 Mg - 180 Ct,25
Earth's Best,Earth's Best Organic Stage 2 Banana Blueberry Baby Food Puree,42
Diet Crush,Diet Crush Orange Soda,78
Katys Goodness,Cookie Choc Chunk,58
Monterey Gourmet Foods,"Monterey Gourmet Foods Signature Recipe Ravioli Tomato, Basil & Mozzarella",23
Food Should Taste Good,Cracker Brwnrce Ppprcorn,44
Libman,Libman Hardwood Microfiber Roller Mop,77
Kedem,Kedem Sparkling Cranberry Juice Cocktail,59
All Terrain,All Terrain Poison Ivy Oak Bar Soap - 4 Oz,79
Benadryl,Benadryl Allergy Ultratabs - 48 Ct,97
Kyolic,Kyolic Aged Garlic Extract Cardiovascular Liquid Vegetarian - 2 Fl Oz,7
Afrin,Afrin Severe Congestion Nasal Spray,83
Klass,Bev Mix Guayaba,81
Thayers,Thayers Slippery Elm Lozenges Maple - 42 Lozenges - Case Of 10,41
Almondina,Cookie Biscuit Choconut,74
Liebers,Mix Pto Sclpd Onion Grlc,22
Harris Teeter,Harris Teeter Moist Wipes,47
Pepsi,Pepsi Caffeine Free,73
Nature Made,Nature Made Triple Flex 50+ Dietary Supplement- 60 Ct,1
Kashi,Kashi  Steam Meal Chicken Fettuccine,74
