name,city,address,manager_id
Libero Ltd,Anyang,Ap #984-6543 Molestie Road,63
Praesent Luctus Curabitur Limited,Carson City,Ap #752-3758 Sodales St.,21
Arcu Et Associates,Pergola,Ap #625-3307 Nisi Road,72
Nisi Institute,Trollh√§ttan,6334 Odio. Road,42
Quisque Imperdiet Erat Associates,Hamme,Ap #645-9667 Faucibus Avenue,61
Orci Sem Eget LLP,Nijmegen,Ap #515-8219 Phasellus Avenue,39
Non Massa Non Limited,Chancay,3295 Sollicitudin Rd.,71
Eu Accumsan Ltd,Ururi,6360 Cursus Street,72
Eros Nec Tellus LLC,Angol,6894 Proin St.,44
Proin Dolor Foundation,Abohar,490-8529 Duis Avenue,30
Luctus Sit Consulting,Spormaggiore,"Ap #269-2974 Rutrum, Ave",74
