name,email,password
Lester Ware,augue.malesuada.malesuada@odio.edu,sha256$HDh7Q8qd$6a9bc2b28f1e8640cde6e155e2906e4b7face4207dbae7d8759fbebb26b8f1cc
Jerry Marks,a.dui.Cras@faucibusorci.com,sha256$a0PZYDNj$f4c2f2fdbeb77db0bf345cc0766ff33ce7fdd84466d31d5c0e3e78395b3e9c88
Brandon Cherry,eget.odio@euismod.edu,sha256$92IzCeEk$f6361e0fb2658c3f78eac792a5e6b4df4f7c669ee5e67b7be1ca276bee71a99e
Gavin Prince,luctus.felis.purus@adipiscingligulaAenean.com,sha256$re9bAwR5$117617e6b679a538d723fea343c236add266d08f4c80a6c3760da15c014a34ab
Emerson Keller,at@Maecenasiaculis.org,sha256$cwJ1IuT7$0beb95cd8d1021e41d66e4308858c57b0c2b80042035c6d8bbfdaea210a0fecc
Wallace Thornton,diam@tortorInteger.edu,sha256$UaW3PYAc$4c561218bd6af4874b490727a35853070b529efc61288ce680d02acd35561e0f
Quinlan Hansen,odio.Nam@nonummyac.net,sha256$w2vzHMdE$54812bc86cb3a86c54566f661f65f94bd8297e38f32b1ffc7b7751b2ea3095d8
Carlos Sweet,dictum@in.edu,sha256$dAxzTiyw$91da4a29367a4f6de95fbfdc9edd75a64ba484b611435d840a3ae06a1125a272
Jonas Lynn,fringilla.purus.mauris@fringillaestMauris.co.uk,sha256$r3ZEDUYo$a63a515234a077e3c78557a521774d50e6d789383c2026c44e9bd6b6d511932f
Murphy Pugh,tempor.est@ultriciesornareelit.net,sha256$B9e07Fbh$5117f882ecd637a1653a70988d308b95e0ab0e18f49d41d9a95fc227b9b26e5a
Beau Gillespie,parturient.montes@posuereenimnisl.org,sha256$xi5cN7Br$2095acebc875b18cd0a76bbc9cb1be35ee1fcd97787b13c2ad7ab8873ee975f9
Yasir Gates,nec.tempus@convalliserateget.net,sha256$A7fNOuoJ$547b279a722e75f529b911c67ca87b936e8fbf315ae6980c26f90b4344d100fb
Vance Goff,facilisi@lacusMaurisnon.org,sha256$xBC5BwZY$97b9c19f3cf095ef8f78af4f8b47334c8774d7555f5a7e4cf70371514bbcab80
Jared Garza,et.eros@lacinia.ca,sha256$ig8hdcvJ$a6cfb0f5b9ede307e25cd505f1c2e5d1c924236d040e12e52276ca0efaf3a3cf
Wyatt French,Morbi@Proin.net,sha256$90zOOPbS$e727cd9cb2e48aba0e6ad40a89c241d8c852b85d532d34c1b017f01b295122d6
Neville Valenzuela,placerat@sitamet.org,sha256$2vTBVTk3$2588a234b28099ef1f3bad2672bdafdc6f227d0a3c89c6cbcedd4d7d6c903b52
Brendan Gibbs,diam@nonummyFusce.edu,sha256$3TRIXp3u$8cb0a68bfc8c0c013d8cba966f44f89f02057a7f69a152b2de8e78c5e641832d
Linus Tucker,mi.fringilla.mi@nisiAeneaneget.org,sha256$o4sF9qP5$11e195bf48602940913fbff8dced13dc3ac0392b004f3ab9b9e89e74f53280fa
Elvis Bruce,ac.nulla.In@odiotristique.co.uk,sha256$hBnpOz0B$ccbfabc8a99f748d9677088fc5c6ed9f5a794c35de3f3b64f83f7106026536d1
Barclay Fuentes,bibendum.fermentum@Duismienim.com,sha256$bgiNsLb2$c0db2180a996a81e69c41a122ec7b146f91eb33ea28561c4f714c91c012b5b8c
Mason Whitehead,inceptos@metusurnaconvallis.co.uk,sha256$vEaWFizR$5da1b7702180dc9ff45a055bdae6e9e97e99fce3e40c54247de058565ba98777
Damian Strickland,dignissim.Maecenas.ornare@risusQuisquelibero.org,sha256$nTsJfM4Y$cee0798d5d31979d61f707c5b4a06525700d8d6b988ea3dbd2b57c391550174f
Gareth Rush,est@quamvelsapien.org,sha256$kuZOAHp7$d5d4d615b21be00157c9552ae497ca9f2c1a79614c6f4f158940433970829cf7
Kamal Vincent,magna.Nam@orciUt.com,sha256$mQEtaNxO$cee4e91bc656a9e9a1cd9d738ec0b2f57d2ffa25ebe2ec2a95c1230353268f68
Bert Richardson,morbi.tristique@sed.co.uk,sha256$q3Y7FUND$7a7f3f88e99ba1c442a16498da47c4d38189cb0e8948d980aa23c78ad4a0d4b8
Gareth Beasley,rutrum.urna@liberoIntegerin.org,sha256$WJ8y0XZv$bc66cca09d015ca8a0b5d14ca1f17a152f05421403c25cdead97f67f0dcfdaeb
Chester Knox,magna.Sed@dapibusquam.com,sha256$L8RhTilq$f90752e35f1b90fab36ba35105c4a7b570644cf0931b1eb059f841fac56b307f
Todd Maldonado,eu@dolorNullasemper.net,sha256$faZJW4u2$def5f81589652b1f11f68bb115d6268fe71bb17341be54e448b023b019f80791
Joshua Bright,sit@nuncacmattis.ca,sha256$TdA26qmU$757a71ac991a5c91e622d2c1fc2358e8e5691ef15a0564d9785e261015519292
Daniel Hicks,sapien.molestie@accumsanconvallis.co.uk,sha256$2icmDuxU$097a20b5dbfc795c0a799f8c83d8f5181a01e840e842d231a0082ba83de67221
Thane Bullock,erat.nonummy.ultricies@sedliberoProin.edu,sha256$nqw8smq0$2f48c24b5ddfdfb25d7936fe8e70a10f6d1d5632f49a28ddf7e8628fe61affa9
Reese Ball,non.enim@quisaccumsan.net,sha256$KaLtfc2M$e257c0f3178a683f3f6b3460e048b05a1f6950a85f7fae2a699a2cc9ec3fd84e
Raymond Kane,non.magna@dolorsitamet.com,sha256$jHPdW83b$725240be19e6e9286fd0b9fc7670005c063a1713842d52ccc927cce4c1e2bd7f
Clayton Ware,mauris@nequeNullam.net,sha256$M4w1jWfq$b956ee699f186bf8e8e0c8fe941cd80aa72cb8b06861817bde63bc1198e3a6a8
Beau Reed,aliquam.eu.accumsan@tellusNunclectus.com,sha256$RHoQFEjO$8072129d31c95e208bb5fc0e9843cb21b31bcb63c04d4f6e6856766e951b146e
Jeremy Doyle,facilisis@pede.co.uk,sha256$h1tIQNLR$63648342c49dd850878336d9cd7d476617a92224aa895ffe7f80747ce07d7ff2
David Levine,nascetur.ridiculus.mus@vitaealiquam.co.uk,sha256$3yc1cyXY$24b7e52dff5ec194889dce69f2888c35c88a633337543cd0fd3ce1ad46dbabdf
Baxter Spears,Nulla.eu.neque@mauriselitdictum.org,sha256$JlHRQad0$c8213ac2a3bd310e7635d3dee35be84776cc329631777210f0f06a2893a17551
Steven Estes,erat@molestie.org,sha256$t3oGRqtl$8d15e67c3e2580bcb194606379e414a02dcdadc17cc9d95c2db17e254c13f8f4
Flynn Blake,varius.Nam@nequeIn.org,sha256$Ti7ben0f$14ce5968102840f365b18a221b9b9107d92eba827f636d2671bc588fc0dd9b1c
Magee William,lectus.convallis.est@enim.ca,sha256$cEtbtcHJ$d6abff042c1288b345c5142747ca223e7a758999b97522c43c1273baf9f2a5da
Owen Roth,Phasellus.dolor.elit@temporeratneque.edu,sha256$pro7Vve5$0f18229d716a0bced787a10c5dd1001538c5fe97016ba44e4a446ed026d629b9
Blaze Franco,mattis.Cras.eget@nisiMaurisnulla.edu,sha256$MHpPhuDM$c2c193fc93e065fd77100ccb28940ad9a2494cd6d68e28454a02f8f7caf04080
Curran Tanner,blandit@dictumeueleifend.com,sha256$FLcrcx0B$a78d8c38c65c92a0cde8b05bde8b8ff77cade36ed94167f893c633e4798cda7f
Aristotle Dean,leo.elementum.sem@odioEtiamligula.edu,sha256$eezLinnA$79ea844dfc886d28d4b3532c410d02c942f60d1482a50176404f6881021bfa3f
Graham Thomas,at.velit.Cras@necleoMorbi.org,sha256$ucpY9Ldy$7335070bb51333ed8e44bf0aeecae4c14fa1e6f1321977493b902bb6bcaa2abc
Emerson Gallegos,quis.massa.Mauris@sed.net,sha256$2Qt7guwU$955ce9abf7c2e445e4bace3946ac8eb98055f6363e448c7d04ac147e61121dd5
William Shannon,aliquet@pede.ca,sha256$mPBFqGcL$0f42deefda7da2df61468179cf75b303530a7555a398fac7db5e0ca1f9ba9ab1
Flynn Hartman,Sed.malesuada.augue@interdumCurabiturdictum.edu,sha256$yCPqLsts$2c45288cc0b6e0e0c655abd0351baf2acf30f1e49b1dbf25b053227316a2190a
Chase Strong,dolor.Fusce@maurissagittis.co.uk,sha256$w1kQxcBF$d9f9ddc22286b8c79b5e326dc369f215ecbf5915ac768461143447d1f2b6e86a
Kennan Wise,feugiat@elitEtiam.ca,sha256$mq85dM0E$59e3f2646e0dedd6995758ed3f41466b9ac7dd14b5d338d9fa10633fc2dcdff9
Nathan Heath,elit@aclibero.com,sha256$oxaKBt65$4fd246137c6266ebd700716a222ff3638fe96aa6d73c0118fdc56d4150eab48e
Eaton Ratliff,Mauris.ut@placeratorci.co.uk,sha256$x9EoLLXm$4f344ea5e4774645a0de6ee53094e7b8b9e09757d3e4f3d24e6e8676af4da84a
Basil Farmer,litora.torquent.per@magnaatortor.ca,sha256$ONDXNPHq$f291eb49a77a4885d9ae57211e7048445355d4f82e7e74f661d28f6eec370136
Bradley Thomas,Suspendisse.sed.dolor@Quisqueimperdiet.com,sha256$uKyLECp9$3a183b7df967edc3dcfe2abecd1733fe28ab692304646be0ffd14f9bbab49b20
Elvis Luna,odio.vel.est@augue.co.uk,sha256$ynftA46f$9ebe3135a5157bed4e09c47d3078c176b6e1f3a49a84f9690262a632ae70a5e6
Jason Cote,convallis@lorem.org,sha256$72nJJZDP$6b23fb501c751b99a4e4125d0edefef8c1e02c3aa4cfeff45aea53dc766bb6ad
Jarrod Buchanan,dui.quis.accumsan@mollisDuissit.edu,sha256$gR2Hg3eT$4101a1b26f1289e7c9139a5957a729071219c7c6fe599ac15a3e8aaa4c4d1b2f
Leonard Horne,netus.et@Cumsociis.ca,sha256$aRixt8i8$cad7a604b0888f897ad49b806b85d21b3bff4ebad015378046d5ba0e2f496264
Alec Brewer,neque.Nullam@musProin.ca,sha256$Z8sYwEHj$bb8db3b018db7c2ba5173dc8281f52c268ea41051ed7510b29b2ba6693944bb5
Jameson Walker,nunc@elit.co.uk,sha256$c0CArJT1$72fcd5016c2fb296ff5960fe530c463c871a7a25974f452faca7b753e10545a3
Ethan Romero,convallis@rutrumurnanec.edu,sha256$KQWal5yr$fe60c54a8cd69b320fc52dc92266c34bfd6c84043968264c7e24c60723eda2e5
Xander Nicholson,arcu.imperdiet.ullamcorper@condimentumDonec.org,sha256$DR5Utpcv$2d4c803d35c947c9a14427100c29602c293d2612e79473776ef3f1ef3269a3e4
Igor Gordon,metus@idsapienCras.co.uk,sha256$jcRLPElK$9ddae8147675009283a7652021d3e9c7d0f1d655d9d83b9863455d77a5675c62
Kareem Abbott,a.nunc.In@urna.edu,sha256$hoZNOcYn$ba280cdb123314a7b4a10ab908d45bebd7def84528ec07b3ed0b522443e47ff9
Colby Sosa,hendrerit.id@facilisis.com,sha256$9MPjbDxt$718ba517b24d15333576f17e1ddd8c615fc5f6feb344b86f0def4e9c35cdccbb
Joel Buckley,Praesent@turpis.edu,sha256$dv0r250i$4d97e6260c23573ad950cbf30bca1d4810c5c15d21297bf3403beb522c39e4d4
Conan Joseph,et@egestasnuncsed.ca,sha256$xOgotzB0$369a7bbda1ed51be32b548168ad7da39fcf897b8c16ece52fd1c8d8f7862c227
Brenden Armstrong,luctus.sit@Nunc.net,sha256$v4kFrkTW$c5727bfe8f8f5be5f3619c17bdb58c51103874c15aac1a12094589db1b96b5ee
Garth Roberts,Sed@ullamcorpernislarcu.org,sha256$k1gahIgg$6ca293df6f037761eb41a21fdfa5f125a5293c5585e7a58103808dbc46a88e8e
Buckminster Willis,Praesent@lobortisrisus.ca,sha256$hMrhVle6$73aeac38757d1a088a45a4cd75d92fe056a044bb463600b153409cc20ad03e24
Seth Morgan,sollicitudin@lorem.org,sha256$k1SgOt13$84c8f84e45d8413a143002bc8ee58e764ed36e9b289640f1f66551e412adb1fa
Driscoll Walters,penatibus.et@egestas.com,sha256$DOod2wYB$0d3f8a076f3316a5def62d7fa434fc83129656151ec834d280cf01a6cc60321d
Jerome Hooper,porttitor.vulputate.posuere@Etiambibendum.net,sha256$5t94gG4H$700a6daf17fbbf15d67d627a64580649a3b81c10028b3756c028dafaa1e5e3c4
Gary George,sapien.cursus@arcuSed.com,sha256$TfTTNEFE$14f8f70235cd08c6acc8a6e9d6e23793ee8c3a7b128ad32c8fba76c908ec36ba
Beck Petersen,Sed.auctor@Fusce.edu,sha256$0mCS20MX$79765e2581e6203c97f78f338668327b6c2d70064c44eae79b45b1530609517c
Erasmus Cochran,ante.blandit.viverra@fermentum.com,sha256$cOM5iqCh$c132fff7beaefa05d518a2c2e4e8d8202b5e489161ba0a4020c3e8bedb45e016
Aladdin Irwin,mauris.rhoncus.id@sagittisDuis.net,sha256$EA3Xq8Ar$0563de0cb29e971ac8adf44819a0b880679c8cbe29337a0c0a5e74c8af944933
Ryder Landry,Duis.dignissim.tempor@tellusnonmagna.ca,sha256$DH1jG8Hn$c1aac76357fc7a1a2f0ad88a5c66e34b96fb70c5d115ad167c6fe8c8c5418672
Lamar Heath,Quisque@egetmassaSuspendisse.net,sha256$UxD1wcm8$b209b0ae31d40be3fe303335f61879bd78c12331f72ffa2560af6959f1599122
Nehru Ingram,Donec.tincidunt.Donec@nisi.edu,sha256$STplFyhi$76c9f8dc4c137fbb52f39f75c9e33e21cc2a9d3ed32b392a5b55b1f9a7db5a7b
Owen Carroll,dolor.elit@Nullamfeugiat.org,sha256$GOwTrO3d$27d663366fdb5a4733a319f612bd6d1807ea4e6cdd7acfbc4ffb318d81475fe8
Len Malone,augue.scelerisque.mollis@eleifendCrassed.org,sha256$DpCqzQcd$18da8e05cf1c77f97064534e92034021843b1a379e81aa2163ca4d2a48766859
Marsden Huber,Sed.diam@Donecconsectetuermauris.com,sha256$IMNduzWO$ab9045f9558d34b84d3060d6ef3a32951f2a91170ece156b0df13507faf57709
Camden Howard,massa@anequeNullam.org,sha256$OuzJ7kDN$2e39005be50b2f455f4de3267fcea37ab223c87023300fef14d93206ab3f45bb
Myles Gray,non@necurnasuscipit.edu,sha256$f4ekIb5a$64cf14dad8a1f1e822b5a90825a23cfd805fc50f85acde8eec2e17a4ae86d73e
Harlan Fields,mauris.Suspendisse@magna.org,sha256$329Gl4EE$dd0a445d86ed250afddd8d32e013f8c73b4d54f9c3f16ea9fda4d2f8a439dde7
Randall Ramsey,Curabitur.vel.lectus@Aliquam.com,sha256$mZPDfkuA$b902141479deb4fc2566e541cdf337533c7788ae8664764c3a1597d79387e702
Silas Whitehead,arcu.Curabitur.ut@eratinconsectetuer.co.uk,sha256$9lSQQcWV$5d0287571ee418638635c62ff35b5b51cc21bf0a1f30093a0d67191308301524
Cairo Jordan,pellentesque.eget@egestasFuscealiquet.com,sha256$wUOYC8VS$1c259f5c7cac5982f236a9ec757a34f6345774d9c8d6227b6f992c0786443e8f
Callum Hardin,dictum.cursus.Nunc@semconsequatnec.ca,sha256$8cmqjALN$c1c8d2a37fe1a687f5d46981ea4a5a273efdc044370c844ba83aeb30dc2211a4
Kuame Clements,eget.ipsum.Suspendisse@tellusjusto.org,sha256$78gQw7Bb$448693dc652b2ead7e73959af490730de130665301103b4c0a11ef9f379eddad
Roth Dickerson,nisi.Mauris.nulla@nec.net,sha256$0cOxYzrR$d9f4daf3241d330871ecddee7647e4dde09c0918914a3c05c1cbec5ba1dc8f94
Preston Foreman,Morbi@nisiCumsociis.ca,sha256$qhZQHzRn$4d3cfeea05e21392b5f47f83cedb8d46ab6ada06c0220d25fc265ee90abf7da2
Keane Silva,ultrices@imperdiet.edu,sha256$bbQyOyRb$e098ce1d13d8709094872027e5114d38a11efdfd1216ddd64f7496984be5069d
Vincent Williams,turpis.In@nuncullamcorpereu.net,sha256$FF6aRYbs$e750b76fdc6c7ba2abedd93711e5be30ee64002c19923529051d1734c63077df
Hedley Bradley,Phasellus@eratvitae.com,sha256$f2zHFFnR$3ae90b8219862533235f40b8a0a7d697304f4361d214c59910ccc27a462839fb
Wallace Wallace,libero@vitaesodales.co.uk,sha256$Jy8TKRCA$3accae986beb2c26412bcf43f8ccfe7b57b344efb8c8beedaf2f06908d0cffab
Curran Coffey,mus@augueporttitor.net,sha256$L3EwwdHp$df2eee49030963a7e916be4c500842ccc94dd7976345f17009ea1732f9ab4592
George Snow,dignissim.tempor@fringilla.com,sha256$5JLGiT10$704a9149f96037e5f40d472ff18398ad9cfee1320fa96bffe3fcfde7777aae45
