name,email,password
Lester Ware,augue.malesuada.malesuada@odio.edu,DAE4AEC0-ED46-8449-A1A5-5902BBF79B9D
Jerry Marks,a.dui.Cras@faucibusorci.com,24600A4E-8BF7-9B9B-EE2D-F35481507AD9
Brandon Cherry,eget.odio@euismod.edu,6EAD2E3A-9E54-E20A-8A9C-91A8A6A7CA76
Gavin Prince,luctus.felis.purus@adipiscingligulaAenean.com,08732A1D-90CB-80E9-40D4-C9330968D6DD
Emerson Keller,at@Maecenasiaculis.org,135E1A6E-FBE6-19CD-BBED-A58D19AE289B
Wallace Thornton,diam@tortorInteger.edu,EB4F5C85-F5F0-4982-FDD4-058E2D9BD2BB
Quinlan Hansen,odio.Nam@nonummyac.net,1AFE9AE2-98D1-CA89-6E7E-EEC764849593
Carlos Sweet,dictum@in.edu,9358A700-26AF-A790-1166-D70725C12AC1
Jonas Lynn,fringilla.purus.mauris@fringillaestMauris.co.uk,BFFE1273-1F5A-9282-4CF6-D7D03F982A46
Murphy Pugh,tempor.est@ultriciesornareelit.net,BA4FB8B7-6B6F-15D2-833B-CB0DC192C7AE
Beau Gillespie,parturient.montes@posuereenimnisl.org,DE3ACA1B-DE4B-6E34-EAC7-E2FC40C08E34
Yasir Gates,nec.tempus@convalliserateget.net,3E99071B-AAF5-ECD0-D7EB-90D632045790
Vance Goff,facilisi@lacusMaurisnon.org,02400D0A-72CF-4B06-9B24-36BB62827690
Jared Garza,et.eros@lacinia.ca,DCD94AFC-BB69-8A96-30AA-DE4CE3F3A1E0
Wyatt French,Morbi@Proin.net,FD4F9F9A-F595-8C07-B567-5A4E9A7A9017
Neville Valenzuela,placerat@sitamet.org,AD0BCE24-DCE4-81A2-252B-377AD0FD3015
Brendan Gibbs,diam@nonummyFusce.edu,D05D29CB-7028-D5E8-5304-D9D726AD43AF
Linus Tucker,mi.fringilla.mi@nisiAeneaneget.org,E17933A6-7E23-F034-D735-016AAA036084
Elvis Bruce,ac.nulla.In@odiotristique.co.uk,D5E1C2F9-5595-59A8-DD1E-6C1321D189E0
Barclay Fuentes,bibendum.fermentum@Duismienim.com,99D0930D-ACDF-EC85-9C73-4C9BC65EFAD0
Mason Whitehead,inceptos@metusurnaconvallis.co.uk,2F16C1BD-C2B6-7C71-CDC8-86579BC1B4C8
Damian Strickland,dignissim.Maecenas.ornare@risusQuisquelibero.org,A503E13B-3998-8FDE-CB45-C2246801BE7B
Gareth Rush,est@quamvelsapien.org,811A9531-96DC-571B-DEDD-3284D0646272
Kamal Vincent,magna.Nam@orciUt.com,44318FE5-B77A-D7FC-1F31-D71DCD31C2F8
Bert Richardson,morbi.tristique@sed.co.uk,F9102533-B4E0-8C6D-85A4-94B9C6D93887
Gareth Beasley,rutrum.urna@liberoIntegerin.org,0F8FA0E0-41AD-61A7-C86C-F49FE8568B89
Chester Knox,magna.Sed@dapibusquam.com,E5BD6D39-56B8-CDA1-3679-F050C78121B7
Todd Maldonado,eu@dolorNullasemper.net,67A6CE4E-BF24-56B0-0C38-0CA4B0495DD3
Joshua Bright,sit@nuncacmattis.ca,80D8C312-485B-D552-2A9E-BE1E69EFA770
Daniel Hicks,sapien.molestie@accumsanconvallis.co.uk,F2E2C054-61CF-D83B-5BC2-3BD4433719C6
Thane Bullock,erat.nonummy.ultricies@sedliberoProin.edu,0FBDA7B2-6EE5-B323-D282-B51983F60BCE
Reese Ball,non.enim@quisaccumsan.net,80DA479E-CDC7-3EA5-E84C-1BD201E1C7D1
Raymond Kane,non.magna@dolorsitamet.com,31557A9B-4DB9-4267-4D80-75779C37B00B
Clayton Ware,mauris@nequeNullam.net,ADA53EB8-B1FA-CAF2-1434-0774D90FA356
Beau Reed,aliquam.eu.accumsan@tellusNunclectus.com,2D006889-9E89-5405-075A-81E4162ACED0
Jeremy Doyle,facilisis@pede.co.uk,F1605727-FC8D-DBBB-4A4B-CA27B842447E
David Levine,nascetur.ridiculus.mus@vitaealiquam.co.uk,A71E4523-2996-43BB-FE2C-6C7F76AABBD8
Baxter Spears,Nulla.eu.neque@mauriselitdictum.org,8FBC43C5-5B2F-FBAF-E240-5D5377157170
Steven Estes,erat@molestie.org,519A8144-27D1-A70A-CD6E-E79DA5FB80B4
Flynn Blake,varius.Nam@nequeIn.org,CB47295E-1916-63F3-2103-EFBBA8C23711
Magee William,lectus.convallis.est@enim.ca,A99AEF7F-6E26-912E-4192-00D32E269201
Owen Roth,Phasellus.dolor.elit@temporeratneque.edu,DA56D31D-094F-911D-4BC0-412ABA4BF9F1
Blaze Franco,mattis.Cras.eget@nisiMaurisnulla.edu,9F501D07-AF79-7DD7-2CB5-D21DB50C79A4
Curran Tanner,blandit@dictumeueleifend.com,7A0E5578-48F9-A252-27BC-D975C9A6905B
Aristotle Dean,leo.elementum.sem@odioEtiamligula.edu,3BCDDE43-2F8C-0482-D8E1-0CE0EAABC5E7
Graham Thomas,at.velit.Cras@necleoMorbi.org,7078E390-68DD-D5EF-BC70-FFEE22CCAD4B
Emerson Gallegos,quis.massa.Mauris@sed.net,99BDC2B3-F21A-B04C-F535-E3E05C458142
William Shannon,aliquet@pede.ca,F0EF2A9F-9E20-20EF-DF0F-EFADB1A61E9A
Flynn Hartman,Sed.malesuada.augue@interdumCurabiturdictum.edu,8154180B-5B79-52BC-2337-4D1C39F4BB9C
Chase Strong,dolor.Fusce@maurissagittis.co.uk,5A95DBA5-2793-11BB-E767-0DEA7A6A61EB
Kennan Wise,feugiat@elitEtiam.ca,80DFDE67-6132-5BDD-492E-18893F09ED6F
Nathan Heath,elit@aclibero.com,B2A6389E-CC4B-4169-60C6-BE153383A6E5
Eaton Ratliff,Mauris.ut@placeratorci.co.uk,A911630E-F823-7DE0-CB38-910AAFCFCBEA
Basil Farmer,litora.torquent.per@magnaatortor.ca,0CEBBDA5-8191-5ECF-71CB-B6D94ECBF53A
Bradley Thomas,Suspendisse.sed.dolor@Quisqueimperdiet.com,8F8D090A-75A8-1E7E-3954-ADE21605E2BF
Elvis Luna,odio.vel.est@augue.co.uk,13567D9D-4D53-1C34-1FA7-599C05773441
Jason Cote,convallis@lorem.org,F3A86DDE-F363-14E7-8976-7407694F9E4B
Jarrod Buchanan,dui.quis.accumsan@mollisDuissit.edu,4DCB79C6-4C0E-4F20-B494-F61F982B2627
Leonard Horne,netus.et@Cumsociis.ca,3BC64E01-2F1B-0AB7-7801-AB0AFCC4A8E9
Alec Brewer,neque.Nullam@musProin.ca,818EF996-A690-6F17-8A08-FBFA823DF77D
Jameson Walker,nunc@elit.co.uk,51CF3557-BB1A-7D46-5826-F2CE799301F0
Ethan Romero,convallis@rutrumurnanec.edu,79FD2D7C-C4CE-7EFA-2FD9-148E5A47BC9F
Xander Nicholson,arcu.imperdiet.ullamcorper@condimentumDonec.org,FCB75A63-E8B7-8631-5518-43998DEA7F81
Igor Gordon,metus@idsapienCras.co.uk,E5E70BA2-76B0-3918-41F5-AD1EF7C6EE55
Kareem Abbott,a.nunc.In@urna.edu,903B14DD-350C-E087-EB6A-9B15C6C73E0B
Colby Sosa,hendrerit.id@facilisis.com,DBFE44F2-9652-F41E-2048-1A333A77F3F7
Joel Buckley,Praesent@turpis.edu,A0E49963-5F48-84A1-7973-9D67F161E2BC
Conan Joseph,et@egestasnuncsed.ca,7C274DDB-BAE4-4239-98CF-1BE4F5EE244D
Brenden Armstrong,luctus.sit@Nunc.net,EBB2E36C-6580-5F60-CCB0-E367EBBCD0D6
Garth Roberts,Sed@ullamcorpernislarcu.org,5636AFF7-49B7-C797-D044-DCDF00C4A318
Buckminster Willis,Praesent@lobortisrisus.ca,C8A91953-F60B-52EE-F9C1-A614AA782F8A
Seth Morgan,sollicitudin@lorem.org,EC6C24B8-277E-815D-E80B-F142CD141A98
Driscoll Walters,penatibus.et@egestas.com,F337382C-1DB7-3FA1-BC48-0C1DCC7AA4A9
Jerome Hooper,porttitor.vulputate.posuere@Etiambibendum.net,24C7D1AF-7AA3-637E-4D08-B6E0868C6B82
Gary George,sapien.cursus@arcuSed.com,C2437C45-7C7E-6C78-F4EE-FA76CC8DF9C1
Beck Petersen,Sed.auctor@Fusce.edu,7B88A41C-86E3-06F0-D791-C0055B238561
Erasmus Cochran,ante.blandit.viverra@fermentum.com,7C01B0D8-012A-0708-CDF0-33BC787F2CA3
Aladdin Irwin,mauris.rhoncus.id@sagittisDuis.net,F339BB21-A1B6-E1A6-8E5A-14EAC2AF1945
Ryder Landry,Duis.dignissim.tempor@tellusnonmagna.ca,CB215F1D-D749-E418-D1B0-43302AC08F13
Lamar Heath,Quisque@egetmassaSuspendisse.net,CE5BD188-812F-E206-9B6E-06BE6513FEC6
Nehru Ingram,Donec.tincidunt.Donec@nisi.edu,092BE974-C665-6DC6-CB4F-C74AE9488078
Owen Carroll,dolor.elit@Nullamfeugiat.org,63202BB9-A80E-8B3A-A883-B2726049EA91
Len Malone,augue.scelerisque.mollis@eleifendCrassed.org,158FC766-0E3A-B118-C697-6B0C145A810C
Marsden Huber,Sed.diam@Donecconsectetuermauris.com,3D5C2E0B-CFC0-DA70-C9F7-619B8C77AE74
Camden Howard,massa@anequeNullam.org,AADE39E1-79D9-BA59-A549-0B66C2E48BFF
Myles Gray,non@necurnasuscipit.edu,AC1B60D7-EBF3-6F53-76A3-865C4D25A82A
Harlan Fields,mauris.Suspendisse@magna.org,D5087E33-370B-45EC-B4A3-A0CDC8576B96
Randall Ramsey,Curabitur.vel.lectus@Aliquam.com,FBEA4C93-28EA-FE8C-7EF6-C3E6FDE79B0E
Silas Whitehead,arcu.Curabitur.ut@eratinconsectetuer.co.uk,8C266068-BDB8-8927-709D-DEEA1EB0D34B
Cairo Jordan,pellentesque.eget@egestasFuscealiquet.com,EA939450-5AEB-6F8A-DE3B-6B1DBFD76FEC
Callum Hardin,dictum.cursus.Nunc@semconsequatnec.ca,8B0B6CAA-3D84-5FCC-F5D4-3D40964D61A1
Kuame Clements,eget.ipsum.Suspendisse@tellusjusto.org,89203F6E-D2ED-5094-A136-915D3198515A
Roth Dickerson,nisi.Mauris.nulla@nec.net,B97CA453-F336-58E7-BEE7-F8869EA835DB
Preston Foreman,Morbi@nisiCumsociis.ca,890D114F-668E-765F-3EB0-6EFC3024D3D3
Keane Silva,ultrices@imperdiet.edu,5694C3B0-8562-29CB-036A-CE2A4FD49049
Vincent Williams,turpis.In@nuncullamcorpereu.net,B39147AD-9A4B-7B4A-5593-B6E35DDAFFC0
Hedley Bradley,Phasellus@eratvitae.com,958D6895-054E-57C7-E3E7-CFE97D991466
Wallace Wallace,libero@vitaesodales.co.uk,82B9F09F-2395-C573-71EC-170D765A2250
Curran Coffey,mus@augueporttitor.net,E2254384-47AB-D801-628F-C482276A07B9
George Snow,dignissim.tempor@fringilla.com,172CFC8A-7C94-4257-DEB4-09947CF732E1
